{
  "01 POST /auth/login" : {
    "transaction" : "01 POST /auth/login",
    "sampleCount" : 80,
    "errorCount" : 0,
    "errorPct" : 0.0,
    "meanResTime" : 263.57500000000005,
    "medianResTime" : 249.0,
    "minResTime" : 233.0,
    "maxResTime" : 457.0,
    "pct1ResTime" : 294.6,
    "pct2ResTime" : 391.0500000000001,
    "pct3ResTime" : 457.0,
    "throughput" : 2.690251202206006,
    "receivedKBytesPerSec" : 1.4029239667753977,
    "sentKBytesPerSec" : 0.6699356021118472
  },
  "Total" : {
    "transaction" : "Total",
    "sampleCount" : 240,
    "errorCount" : 0,
    "errorPct" : 0.0,
    "meanResTime" : 94.4875,
    "medianResTime" : 10.0,
    "minResTime" : 5.0,
    "maxResTime" : 457.0,
    "pct1ResTime" : 257.0,
    "pct2ResTime" : 280.0,
    "pct3ResTime" : 419.19000000000017,
    "throughput" : 8.066413470910495,
    "receivedKBytesPerSec" : 2.9172478405538937,
    "sentKBytesPerSec" : 3.0327824084966224
  },
  "02 GET /sessions/active-today" : {
    "transaction" : "02 GET /sessions/active-today",
    "sampleCount" : 80,
    "errorCount" : 0,
    "errorPct" : 0.0,
    "meanResTime" : 11.937499999999995,
    "medianResTime" : 10.0,
    "minResTime" : 8.0,
    "maxResTime" : 95.0,
    "pct1ResTime" : 16.900000000000006,
    "pct2ResTime" : 18.950000000000003,
    "pct3ResTime" : 95.0,
    "throughput" : 2.7198857647978785,
    "receivedKBytesPerSec" : 1.1979184374256282,
    "sentKBytesPerSec" : 1.160732499235032
  },
  "03 GET /attendance/history/B221940049" : {
    "transaction" : "03 GET /attendance/history/B221940049",
    "sampleCount" : 80,
    "errorCount" : 0,
    "errorPct" : 0.0,
    "meanResTime" : 7.95,
    "medianResTime" : 7.0,
    "minResTime" : 5.0,
    "maxResTime" : 30.0,
    "pct1ResTime" : 12.0,
    "pct2ResTime" : 14.0,
    "pct3ResTime" : 30.0,
    "throughput" : 2.7206257439211017,
    "receivedKBytesPerSec" : 0.33476449583404183,
    "sentKBytesPerSec" : 1.2301266791362013
  }
}